geocodigo,municipio,mes,precipitacao_mm,desvio_historico_pct,alerta_enchente
4314902,Porto Alegre,2024-05,293.7,144.7,NÃO
4314902,Porto Alegre,2024-06,112.4,-6.3,NÃO
4314902,Porto Alegre,2024-07,78.3,-34.8,NÃO
4314902,Porto Alegre,2024-08,75.1,-37.4,NÃO
4314902,Porto Alegre,2024-09,140.3,16.9,NÃO
4314902,Porto Alegre,2024-10,127.7,6.4,NÃO
4314902,Porto Alegre,2024-11,86.2,-28.2,NÃO
4314902,Porto Alegre,2024-12,143.9,19.9,NÃO
4314902,Porto Alegre,2025-01,152.0,26.7,NÃO
4314902,Porto Alegre,2025-02,80.1,-33.2,NÃO
4314902,Porto Alegre,2025-03,132.9,10.8,NÃO
4314902,Porto Alegre,2025-04,149.8,24.8,NÃO
4316808,São Leopoldo,2024-05,258.1,115.1,NÃO
4316808,São Leopoldo,2024-06,285.0,137.5,NÃO
4316808,São Leopoldo,2024-07,175.8,46.5,NÃO
4316808,São Leopoldo,2024-08,73.0,-39.2,NÃO
4316808,São Leopoldo,2024-09,63.1,-47.4,NÃO
4316808,São Leopoldo,2024-10,97.4,-18.8,NÃO
4316808,São Leopoldo,2024-11,141.3,17.8,NÃO
4316808,São Leopoldo,2024-12,175.0,45.8,NÃO
4316808,São Leopoldo,2025-01,107.6,-10.3,NÃO
4316808,São Leopoldo,2025-02,145.8,21.5,NÃO
4316808,São Leopoldo,2025-03,69.1,-42.4,NÃO
4316808,São Leopoldo,2025-04,142.9,19.1,NÃO
4306403,Canoas,2024-05,473.4,294.5,SIM
4306403,Canoas,2024-06,130.0,8.3,NÃO
4306403,Canoas,2024-07,152.7,27.2,NÃO
4306403,Canoas,2024-08,162.0,35.0,NÃO
4306403,Canoas,2024-09,132.0,10.0,NÃO
4306403,Canoas,2024-10,74.5,-37.9,NÃO
4306403,Canoas,2024-11,178.1,48.4,NÃO
4306403,Canoas,2024-12,153.9,28.2,NÃO
4306403,Canoas,2025-01,101.7,-15.2,NÃO
4306403,Canoas,2025-02,111.4,-7.2,NÃO
4306403,Canoas,2025-03,104.5,-12.9,NÃO
4306403,Canoas,2025-04,120.7,0.6,NÃO
4312401,Lajeado,2024-05,353.3,194.4,SIM
4312401,Lajeado,2024-06,291.5,142.9,NÃO
4312401,Lajeado,2024-07,158.7,32.2,NÃO
4312401,Lajeado,2024-08,72.7,-39.4,NÃO
4312401,Lajeado,2024-09,175.3,46.1,NÃO
4312401,Lajeado,2024-10,136.3,13.6,NÃO
4312401,Lajeado,2024-11,159.4,32.8,NÃO
4312401,Lajeado,2024-12,144.9,20.8,NÃO
4312401,Lajeado,2025-01,112.3,-6.4,NÃO
4312401,Lajeado,2025-02,148.1,23.4,NÃO
4312401,Lajeado,2025-03,175.9,46.6,NÃO
4312401,Lajeado,2025-04,92.4,-23.0,NÃO
4310108,Guaíba,2024-05,549.4,357.8,SIM
4310108,Guaíba,2024-06,224.2,86.8,NÃO
4310108,Guaíba,2024-07,118.0,-1.7,NÃO
4310108,Guaíba,2024-08,112.3,-6.4,NÃO
4310108,Guaíba,2024-09,147.7,23.1,NÃO
4310108,Guaíba,2024-10,92.2,-23.2,NÃO
4310108,Guaíba,2024-11,162.2,35.2,NÃO
4310108,Guaíba,2024-12,159.7,33.1,NÃO
4310108,Guaíba,2025-01,70.4,-41.3,NÃO
4310108,Guaíba,2025-02,165.8,38.2,NÃO
4310108,Guaíba,2025-03,89.3,-25.6,NÃO
4310108,Guaíba,2025-04,115.8,-3.5,NÃO
4318705,Venâncio Aires,2024-05,466.3,288.6,SIM
4318705,Venâncio Aires,2024-06,189.9,58.2,NÃO
4318705,Venâncio Aires,2024-07,63.4,-47.2,NÃO
4318705,Venâncio Aires,2024-08,162.1,35.1,NÃO
4318705,Venâncio Aires,2024-09,81.8,-31.8,NÃO
4318705,Venâncio Aires,2024-10,85.5,-28.7,NÃO
4318705,Venâncio Aires,2024-11,155.7,29.7,NÃO
4318705,Venâncio Aires,2024-12,100.8,-16.0,NÃO
4318705,Venâncio Aires,2025-01,165.6,38.0,NÃO
4318705,Venâncio Aires,2025-02,144.1,20.1,NÃO
4318705,Venâncio Aires,2025-03,93.2,-22.3,NÃO
4318705,Venâncio Aires,2025-04,61.2,-49.0,NÃO
4320404,Encantado,2024-05,608.2,406.8,SIM
4320404,Encantado,2024-06,126.5,5.4,NÃO
4320404,Encantado,2024-07,146.4,22.0,NÃO
4320404,Encantado,2024-08,118.6,-1.2,NÃO
4320404,Encantado,2024-09,151.0,25.8,NÃO
4320404,Encantado,2024-10,142.9,19.1,NÃO
4320404,Encantado,2024-11,137.5,14.6,NÃO
4320404,Encantado,2024-12,118.9,-0.9,NÃO
4320404,Encantado,2025-01,155.2,29.3,NÃO
4320404,Encantado,2025-02,71.2,-40.7,NÃO
4320404,Encantado,2025-03,86.6,-27.8,NÃO
4320404,Encantado,2025-04,143.0,19.2,NÃO
4322509,Santa Cruz do Sul,2024-05,338.6,182.2,SIM
4322509,Santa Cruz do Sul,2024-06,233.6,94.7,NÃO
4322509,Santa Cruz do Sul,2024-07,116.8,-2.7,NÃO
4322509,Santa Cruz do Sul,2024-08,123.7,3.1,NÃO
4322509,Santa Cruz do Sul,2024-09,111.1,-7.4,NÃO
4322509,Santa Cruz do Sul,2024-10,149.5,24.6,NÃO
4322509,Santa Cruz do Sul,2024-11,99.7,-16.9,NÃO
4322509,Santa Cruz do Sul,2024-12,144.3,20.3,NÃO
4322509,Santa Cruz do Sul,2025-01,92.5,-22.9,NÃO
4322509,Santa Cruz do Sul,2025-02,90.2,-24.8,NÃO
4322509,Santa Cruz do Sul,2025-03,74.5,-37.9,NÃO
4322509,Santa Cruz do Sul,2025-04,83.1,-30.8,NÃO
4307005,Caxias do Sul,2024-05,260.2,116.8,NÃO
4307005,Caxias do Sul,2024-06,223.7,86.4,NÃO
4307005,Caxias do Sul,2024-07,151.5,26.2,NÃO
4307005,Caxias do Sul,2024-08,82.2,-31.5,NÃO
4307005,Caxias do Sul,2024-09,86.0,-28.3,NÃO
4307005,Caxias do Sul,2024-10,118.1,-1.6,NÃO
4307005,Caxias do Sul,2024-11,147.0,22.5,NÃO
4307005,Caxias do Sul,2024-12,177.2,47.7,NÃO
4307005,Caxias do Sul,2025-01,123.0,2.5,NÃO
4307005,Caxias do Sul,2025-02,94.0,-21.7,NÃO
4307005,Caxias do Sul,2025-03,72.1,-39.9,NÃO
4307005,Caxias do Sul,2025-04,83.3,-30.6,NÃO
4303004,Bento Gonçalves,2024-05,305.5,154.6,SIM
4303004,Bento Gonçalves,2024-06,146.8,22.3,NÃO
4303004,Bento Gonçalves,2024-07,61.7,-48.6,NÃO
4303004,Bento Gonçalves,2024-08,124.1,3.4,NÃO
4303004,Bento Gonçalves,2024-09,92.9,-22.6,NÃO
4303004,Bento Gonçalves,2024-10,176.9,47.4,NÃO
4303004,Bento Gonçalves,2024-11,126.4,5.3,NÃO
4303004,Bento Gonçalves,2024-12,143.7,19.8,NÃO
4303004,Bento Gonçalves,2025-01,75.2,-37.3,NÃO
4303004,Bento Gonçalves,2025-02,164.2,36.8,NÃO
4303004,Bento Gonçalves,2025-03,118.9,-0.9,NÃO
4303004,Bento Gonçalves,2025-04,164.7,37.2,NÃO
4315602,Rio Grande,2024-05,451.1,275.9,SIM
4315602,Rio Grande,2024-06,209.4,74.5,NÃO
4315602,Rio Grande,2024-07,112.9,-5.9,NÃO
4315602,Rio Grande,2024-08,82.1,-31.6,NÃO
4315602,Rio Grande,2024-09,66.2,-44.8,NÃO
4315602,Rio Grande,2024-10,172.9,44.1,NÃO
4315602,Rio Grande,2024-11,117.3,-2.3,NÃO
4315602,Rio Grande,2024-12,158.7,32.2,NÃO
4315602,Rio Grande,2025-01,108.1,-9.9,NÃO
4315602,Rio Grande,2025-02,68.9,-42.6,NÃO
4315602,Rio Grande,2025-03,135.5,12.9,NÃO
4315602,Rio Grande,2025-04,66.4,-44.7,NÃO
4300406,Alegrete,2024-05,272.7,127.2,NÃO
4300406,Alegrete,2024-06,229.6,91.3,NÃO
4300406,Alegrete,2024-07,96.5,-19.6,NÃO
4300406,Alegrete,2024-08,179.3,49.4,NÃO
4300406,Alegrete,2024-09,74.2,-38.2,NÃO
4300406,Alegrete,2024-10,151.7,26.4,NÃO
4300406,Alegrete,2024-11,132.8,10.7,NÃO
4300406,Alegrete,2024-12,154.9,29.1,NÃO
4300406,Alegrete,2025-01,87.1,-27.4,NÃO
4300406,Alegrete,2025-02,122.7,2.2,NÃO
4300406,Alegrete,2025-03,114.1,-4.9,NÃO
4300406,Alegrete,2025-04,113.1,-5.8,NÃO
4304606,Cachoeira do Sul,2024-05,571.3,376.1,SIM
4304606,Cachoeira do Sul,2024-06,321.8,168.2,SIM
4304606,Cachoeira do Sul,2024-07,96.6,-19.5,NÃO
4304606,Cachoeira do Sul,2024-08,134.5,12.1,NÃO
4304606,Cachoeira do Sul,2024-09,133.2,11.0,NÃO
4304606,Cachoeira do Sul,2024-10,148.8,24.0,NÃO
4304606,Cachoeira do Sul,2024-11,173.7,44.8,NÃO
4304606,Cachoeira do Sul,2024-12,84.9,-29.2,NÃO
4304606,Cachoeira do Sul,2025-01,85.3,-28.9,NÃO
4304606,Cachoeira do Sul,2025-02,139.3,16.1,NÃO
4304606,Cachoeira do Sul,2025-03,78.8,-34.3,NÃO
4304606,Cachoeira do Sul,2025-04,80.9,-32.6,NÃO
4304903,Cachoeirinha,2024-05,241.5,101.3,NÃO
4304903,Cachoeirinha,2024-06,108.6,-9.5,NÃO
4304903,Cachoeirinha,2024-07,114.1,-4.9,NÃO
4304903,Cachoeirinha,2024-08,131.3,9.4,NÃO
4304903,Cachoeirinha,2024-09,95.0,-20.8,NÃO
4304903,Cachoeirinha,2024-10,87.8,-26.8,NÃO
4304903,Cachoeirinha,2024-11,144.8,20.7,NÃO
4304903,Cachoeirinha,2024-12,144.4,20.3,NÃO
4304903,Cachoeirinha,2025-01,114.5,-4.6,NÃO
4304903,Cachoeirinha,2025-02,142.5,18.8,NÃO
4304903,Cachoeirinha,2025-03,170.9,42.4,NÃO
4304903,Cachoeirinha,2025-04,154.5,28.8,NÃO
4305108,Camaquã,2024-05,472.5,293.8,SIM
4305108,Camaquã,2024-06,250.8,109.0,NÃO
4305108,Camaquã,2024-07,172.0,43.3,NÃO
4305108,Camaquã,2024-08,111.0,-7.5,NÃO
4305108,Camaquã,2024-09,125.3,4.4,NÃO
4305108,Camaquã,2024-10,137.7,14.7,NÃO
4305108,Camaquã,2024-11,169.0,40.8,NÃO
4305108,Camaquã,2024-12,159.2,32.7,NÃO
4305108,Camaquã,2025-01,68.6,-42.8,NÃO
4305108,Camaquã,2025-02,79.9,-33.4,NÃO
4305108,Camaquã,2025-03,96.9,-19.2,NÃO
4305108,Camaquã,2025-04,149.9,24.9,NÃO
4305355,Campo Bom,2024-05,449.1,274.2,SIM
4305355,Campo Bom,2024-06,170.3,41.9,NÃO
4305355,Campo Bom,2024-07,74.9,-37.6,NÃO
4305355,Campo Bom,2024-08,142.6,18.8,NÃO
4305355,Campo Bom,2024-09,144.0,20.0,NÃO
4305355,Campo Bom,2024-10,173.1,44.2,NÃO
4305355,Campo Bom,2024-11,120.1,0.1,NÃO
4305355,Campo Bom,2024-12,119.3,-0.6,NÃO
4305355,Campo Bom,2025-01,69.7,-41.9,NÃO
4305355,Campo Bom,2025-02,64.8,-46.0,NÃO
4305355,Campo Bom,2025-03,111.8,-6.8,NÃO
4305355,Campo Bom,2025-04,98.7,-17.8,NÃO
4306205,Candelária,2024-05,315.2,162.7,SIM
4306205,Candelária,2024-06,127.7,6.4,NÃO
4306205,Candelária,2024-07,175.4,46.2,NÃO
4306205,Candelária,2024-08,160.3,33.6,NÃO
4306205,Candelária,2024-09,129.0,7.5,NÃO
4306205,Candelária,2024-10,174.1,45.1,NÃO
4306205,Candelária,2024-11,179.9,49.9,NÃO
4306205,Candelária,2024-12,140.7,17.2,NÃO
4306205,Candelária,2025-01,92.3,-23.1,NÃO
4306205,Candelária,2025-02,64.8,-46.0,NÃO
4306205,Candelária,2025-03,150.8,25.7,NÃO
4306205,Candelária,2025-04,116.5,-2.9,NÃO
4307807,Cruz Alta,2024-05,483.6,303.0,SIM
4307807,Cruz Alta,2024-06,305.9,154.9,SIM
4307807,Cruz Alta,2024-07,81.8,-31.8,NÃO
4307807,Cruz Alta,2024-08,130.2,8.5,NÃO
4307807,Cruz Alta,2024-09,136.2,13.5,NÃO
4307807,Cruz Alta,2024-10,119.0,-0.8,NÃO
4307807,Cruz Alta,2024-11,70.9,-40.9,NÃO
4307807,Cruz Alta,2024-12,101.8,-15.2,NÃO
4307807,Cruz Alta,2025-01,100.0,-16.7,NÃO
4307807,Cruz Alta,2025-02,140.4,17.0,NÃO
4307807,Cruz Alta,2025-03,162.9,35.8,NÃO
4307807,Cruz Alta,2025-04,99.6,-17.0,NÃO
4308904,Estrela,2024-05,501.3,317.8,SIM
4308904,Estrela,2024-06,170.3,41.9,NÃO
4308904,Estrela,2024-07,173.4,44.5,NÃO
4308904,Estrela,2024-08,157.6,31.3,NÃO
4308904,Estrela,2024-09,126.0,5.0,NÃO
4308904,Estrela,2024-10,114.6,-4.5,NÃO
4308904,Estrela,2024-11,97.7,-18.6,NÃO
4308904,Estrela,2024-12,98.8,-17.7,NÃO
4308904,Estrela,2025-01,176.4,47.0,NÃO
4308904,Estrela,2025-02,108.5,-9.6,NÃO
4308904,Estrela,2025-03,121.8,1.5,NÃO
4308904,Estrela,2025-04,178.6,48.8,NÃO
4309100,Farroupilha,2024-05,486.2,305.2,SIM
4309100,Farroupilha,2024-06,225.2,87.7,NÃO
4309100,Farroupilha,2024-07,109.6,-8.7,NÃO
4309100,Farroupilha,2024-08,82.5,-31.2,NÃO
4309100,Farroupilha,2024-09,103.4,-13.8,NÃO
4309100,Farroupilha,2024-10,150.8,25.7,NÃO
4309100,Farroupilha,2024-11,135.0,12.5,NÃO
4309100,Farroupilha,2024-12,151.2,26.0,NÃO
4309100,Farroupilha,2025-01,84.4,-29.7,NÃO
4309100,Farroupilha,2025-02,125.9,4.9,NÃO
4309100,Farroupilha,2025-03,171.3,42.8,NÃO
4309100,Farroupilha,2025-04,112.6,-6.2,NÃO
4310207,Gravataí,2024-05,503.3,319.4,SIM
4310207,Gravataí,2024-06,134.2,11.8,NÃO
4310207,Gravataí,2024-07,176.8,47.3,NÃO
4310207,Gravataí,2024-08,133.1,10.9,NÃO
4310207,Gravataí,2024-09,88.7,-26.1,NÃO
4310207,Gravataí,2024-10,79.0,-34.2,NÃO
4310207,Gravataí,2024-11,126.1,5.1,NÃO
4310207,Gravataí,2024-12,126.3,5.2,NÃO
4310207,Gravataí,2025-01,71.2,-40.7,NÃO
4310207,Gravataí,2025-02,179.1,49.2,NÃO
4310207,Gravataí,2025-03,169.6,41.3,NÃO
4310207,Gravataí,2025-04,115.4,-3.8,NÃO
4313300,Montenegro,2024-05,259.3,116.1,NÃO
4313300,Montenegro,2024-06,287.7,139.8,NÃO
4313300,Montenegro,2024-07,119.8,-0.2,NÃO
4313300,Montenegro,2024-08,146.0,21.7,NÃO
4313300,Montenegro,2024-09,121.1,0.9,NÃO
4313300,Montenegro,2024-10,92.8,-22.7,NÃO
4313300,Montenegro,2024-11,160.2,33.5,NÃO
4313300,Montenegro,2024-12,177.6,48.0,NÃO
4313300,Montenegro,2025-01,89.2,-25.7,NÃO
4313300,Montenegro,2025-02,126.2,5.2,NÃO
4313300,Montenegro,2025-03,106.0,-11.7,NÃO
4313300,Montenegro,2025-04,170.6,42.2,NÃO
4314100,Nova Hamburgo,2024-05,423.5,252.9,SIM
4314100,Nova Hamburgo,2024-06,297.9,148.2,NÃO
4314100,Nova Hamburgo,2024-07,163.7,36.4,NÃO
4314100,Nova Hamburgo,2024-08,93.1,-22.4,NÃO
4314100,Nova Hamburgo,2024-09,154.8,29.0,NÃO
4314100,Nova Hamburgo,2024-10,109.8,-8.5,NÃO
4314100,Nova Hamburgo,2024-11,172.1,43.4,NÃO
4314100,Nova Hamburgo,2024-12,120.9,0.8,NÃO
4314100,Nova Hamburgo,2025-01,158.5,32.1,NÃO
4314100,Nova Hamburgo,2025-02,93.9,-21.7,NÃO
4314100,Nova Hamburgo,2025-03,95.8,-20.2,NÃO
4314100,Nova Hamburgo,2025-04,130.4,8.7,NÃO
4315107,Pelotas,2024-05,629.5,424.6,SIM
4315107,Pelotas,2024-06,213.8,78.2,NÃO
4315107,Pelotas,2024-07,77.8,-35.2,NÃO
4315107,Pelotas,2024-08,124.6,3.8,NÃO
4315107,Pelotas,2024-09,101.4,-15.5,NÃO
4315107,Pelotas,2024-10,126.2,5.2,NÃO
4315107,Pelotas,2024-11,125.2,4.3,NÃO
4315107,Pelotas,2024-12,114.6,-4.5,NÃO
4315107,Pelotas,2025-01,98.6,-17.8,NÃO
4315107,Pelotas,2025-02,82.6,-31.2,NÃO
4315107,Pelotas,2025-03,143.7,19.8,NÃO
4315107,Pelotas,2025-04,128.6,7.2,NÃO
4316307,Santa Maria,2024-05,308.1,156.8,SIM
4316307,Santa Maria,2024-06,275.5,129.6,NÃO
4316307,Santa Maria,2024-07,65.2,-45.7,NÃO
4316307,Santa Maria,2024-08,149.4,24.5,NÃO
4316307,Santa Maria,2024-09,144.6,20.5,NÃO
4316307,Santa Maria,2024-10,157.4,31.2,NÃO
4316307,Santa Maria,2024-11,106.3,-11.4,NÃO
4316307,Santa Maria,2024-12,139.6,16.3,NÃO
4316307,Santa Maria,2025-01,158.5,32.1,NÃO
4316307,Santa Maria,2025-02,177.7,48.1,NÃO
4316307,Santa Maria,2025-03,119.4,-0.5,NÃO
4316307,Santa Maria,2025-04,64.4,-46.3,NÃO
4317202,Santo Ângelo,2024-05,421.0,250.8,SIM
4317202,Santo Ângelo,2024-06,235.5,96.2,NÃO
4317202,Santo Ângelo,2024-07,164.4,37.0,NÃO
4317202,Santo Ângelo,2024-08,164.9,37.4,NÃO
4317202,Santo Ângelo,2024-09,112.8,-6.0,NÃO
4317202,Santo Ângelo,2024-10,123.1,2.6,NÃO
4317202,Santo Ângelo,2024-11,114.8,-4.3,NÃO
4317202,Santo Ângelo,2024-12,146.7,22.2,NÃO
4317202,Santo Ângelo,2025-01,109.2,-9.0,NÃO
4317202,Santo Ângelo,2025-02,138.6,15.5,NÃO
4317202,Santo Ângelo,2025-03,78.5,-34.6,NÃO
4317202,Santo Ângelo,2025-04,116.3,-3.1,NÃO
4321204,Sapucaia do Sul,2024-05,617.1,414.2,SIM
4321204,Sapucaia do Sul,2024-06,181.1,50.9,NÃO
4321204,Sapucaia do Sul,2024-07,143.1,19.2,NÃO
4321204,Sapucaia do Sul,2024-08,138.0,15.0,NÃO
4321204,Sapucaia do Sul,2024-09,162.2,35.2,NÃO
4321204,Sapucaia do Sul,2024-10,162.3,35.2,NÃO
4321204,Sapucaia do Sul,2024-11,163.1,35.9,NÃO
4321204,Sapucaia do Sul,2024-12,105.6,-12.0,NÃO
4321204,Sapucaia do Sul,2025-01,98.0,-18.3,NÃO
4321204,Sapucaia do Sul,2025-02,146.2,21.8,NÃO
4321204,Sapucaia do Sul,2025-03,151.1,25.9,NÃO
4321204,Sapucaia do Sul,2025-04,164.7,37.2,NÃO
4322806,Triunfo,2024-05,225.1,87.6,NÃO
4322806,Triunfo,2024-06,122.8,2.3,NÃO
4322806,Triunfo,2024-07,135.7,13.1,NÃO
4322806,Triunfo,2024-08,170.5,42.1,NÃO
4322806,Triunfo,2024-09,179.7,49.7,NÃO
4322806,Triunfo,2024-10,149.6,24.7,NÃO
4322806,Triunfo,2024-11,112.1,-6.6,NÃO
4322806,Triunfo,2024-12,71.8,-40.2,NÃO
4322806,Triunfo,2025-01,136.0,13.3,NÃO
4322806,Triunfo,2025-02,164.7,37.2,NÃO
4322806,Triunfo,2025-03,113.2,-5.7,NÃO
4322806,Triunfo,2025-04,143.3,19.4,NÃO
4323804,Viamão,2024-05,589.4,391.2,SIM
4323804,Viamão,2024-06,117.9,-1.7,NÃO
4323804,Viamão,2024-07,155.5,29.6,NÃO
4323804,Viamão,2024-08,95.2,-20.7,NÃO
4323804,Viamão,2024-09,105.0,-12.5,NÃO
4323804,Viamão,2024-10,77.5,-35.4,NÃO
4323804,Viamão,2024-11,123.7,3.1,NÃO
4323804,Viamão,2024-12,127.9,6.6,NÃO
4323804,Viamão,2025-01,155.1,29.2,NÃO
4323804,Viamão,2025-02,80.4,-33.0,NÃO
4323804,Viamão,2025-03,69.5,-42.1,NÃO
4323804,Viamão,2025-04,164.5,37.1,NÃO
4323002,Uruguaiana,2024-05,470.3,291.9,SIM
4323002,Uruguaiana,2024-06,160.0,33.3,NÃO
4323002,Uruguaiana,2024-07,169.5,41.3,NÃO
4323002,Uruguaiana,2024-08,77.2,-35.7,NÃO
4323002,Uruguaiana,2024-09,115.3,-3.9,NÃO
4323002,Uruguaiana,2024-10,90.5,-24.6,NÃO
4323002,Uruguaiana,2024-11,90.6,-24.5,NÃO
4323002,Uruguaiana,2024-12,61.1,-49.1,NÃO
4323002,Uruguaiana,2025-01,156.6,30.5,NÃO
4323002,Uruguaiana,2025-02,168.1,40.1,NÃO
4323002,Uruguaiana,2025-03,141.3,17.8,NÃO
4323002,Uruguaiana,2025-04,79.0,-34.2,NÃO
4308508,Erechim,2024-05,395.5,229.6,SIM
4308508,Erechim,2024-06,182.6,52.2,NÃO
4308508,Erechim,2024-07,130.5,8.7,NÃO
4308508,Erechim,2024-08,136.7,13.9,NÃO
4308508,Erechim,2024-09,110.9,-7.6,NÃO
4308508,Erechim,2024-10,90.0,-25.0,NÃO
4308508,Erechim,2024-11,161.4,34.5,NÃO
4308508,Erechim,2024-12,83.9,-30.1,NÃO
4308508,Erechim,2025-01,106.2,-11.5,NÃO
4308508,Erechim,2025-02,118.0,-1.7,NÃO
4308508,Erechim,2025-03,88.5,-26.2,NÃO
4308508,Erechim,2025-04,128.6,7.2,NÃO
4311403,Ijuí,2024-05,451.4,276.2,SIM
4311403,Ijuí,2024-06,322.4,168.7,SIM
4311403,Ijuí,2024-07,95.4,-20.5,NÃO
4311403,Ijuí,2024-08,177.4,47.8,NÃO
4311403,Ijuí,2024-09,139.0,15.8,NÃO
4311403,Ijuí,2024-10,92.9,-22.6,NÃO
4311403,Ijuí,2024-11,127.9,6.6,NÃO
4311403,Ijuí,2024-12,142.3,18.6,NÃO
4311403,Ijuí,2025-01,149.4,24.5,NÃO
4311403,Ijuí,2025-02,65.9,-45.1,NÃO
4311403,Ijuí,2025-03,132.8,10.7,NÃO
4311403,Ijuí,2025-04,119.6,-0.3,NÃO
4322004,Taquara,2024-05,589.7,391.4,SIM
4322004,Taquara,2024-06,169.8,41.5,NÃO
4322004,Taquara,2024-07,155.9,29.9,NÃO
4322004,Taquara,2024-08,132.8,10.7,NÃO
4322004,Taquara,2024-09,102.3,-14.8,NÃO
4322004,Taquara,2024-10,136.4,13.7,NÃO
4322004,Taquara,2024-11,134.5,12.1,NÃO
4322004,Taquara,2024-12,141.3,17.8,NÃO
4322004,Taquara,2025-01,146.5,22.1,NÃO
4322004,Taquara,2025-02,139.1,15.9,NÃO
4322004,Taquara,2025-03,160.6,33.8,NÃO
4322004,Taquara,2025-04,135.4,12.8,NÃO
4322400,Três Coroas,2024-05,589.4,391.2,SIM
4322400,Três Coroas,2024-06,247.6,106.3,NÃO
4322400,Três Coroas,2024-07,97.1,-19.1,NÃO
4322400,Três Coroas,2024-08,112.9,-5.9,NÃO
4322400,Três Coroas,2024-09,129.5,7.9,NÃO
4322400,Três Coroas,2024-10,147.9,23.3,NÃO
4322400,Três Coroas,2024-11,70.8,-41.0,NÃO
4322400,Três Coroas,2024-12,95.4,-20.5,NÃO
4322400,Três Coroas,2025-01,149.7,24.7,NÃO
4322400,Três Coroas,2025-02,81.1,-32.4,NÃO
4322400,Três Coroas,2025-03,75.9,-36.7,NÃO
4322400,Três Coroas,2025-04,124.7,3.9,NÃO
4321600,Soledade,2024-05,618.0,415.0,SIM
4321600,Soledade,2024-06,222.7,85.6,NÃO
4321600,Soledade,2024-07,169.6,41.3,NÃO
4321600,Soledade,2024-08,159.7,33.1,NÃO
4321600,Soledade,2024-09,90.8,-24.3,NÃO
4321600,Soledade,2024-10,159.0,32.5,NÃO
4321600,Soledade,2024-11,117.8,-1.8,NÃO
4321600,Soledade,2024-12,156.8,30.7,NÃO
4321600,Soledade,2025-01,149.6,24.7,NÃO
4321600,Soledade,2025-02,100.6,-16.2,NÃO
4321600,Soledade,2025-03,73.8,-38.5,NÃO
4321600,Soledade,2025-04,175.5,46.2,NÃO
4319901,São Lourenço do Sul,2024-05,269.1,124.3,NÃO
4319901,São Lourenço do Sul,2024-06,316.8,164.0,SIM
4319901,São Lourenço do Sul,2024-07,163.2,36.0,NÃO
4319901,São Lourenço do Sul,2024-08,146.9,22.4,NÃO
4319901,São Lourenço do Sul,2024-09,177.6,48.0,NÃO
4319901,São Lourenço do Sul,2024-10,176.1,46.8,NÃO
4319901,São Lourenço do Sul,2024-11,156.6,30.5,NÃO
4319901,São Lourenço do Sul,2024-12,103.9,-13.4,NÃO
4319901,São Lourenço do Sul,2025-01,154.9,29.1,NÃO
4319901,São Lourenço do Sul,2025-02,61.7,-48.6,NÃO
4319901,São Lourenço do Sul,2025-03,124.4,3.7,NÃO
4319901,São Lourenço do Sul,2025-04,114.6,-4.5,NÃO
4318606,São Gabriel,2024-05,492.6,310.5,SIM
4318606,São Gabriel,2024-06,253.2,111.0,NÃO
4318606,São Gabriel,2024-07,130.1,8.4,NÃO
4318606,São Gabriel,2024-08,158.7,32.2,NÃO
4318606,São Gabriel,2024-09,172.8,44.0,NÃO
4318606,São Gabriel,2024-10,73.0,-39.2,NÃO
4318606,São Gabriel,2024-11,88.1,-26.6,NÃO
4318606,São Gabriel,2024-12,63.0,-47.5,NÃO
4318606,São Gabriel,2025-01,166.1,38.4,NÃO
4318606,São Gabriel,2025-02,127.4,6.2,NÃO
4318606,São Gabriel,2025-03,169.8,41.5,NÃO
4318606,São Gabriel,2025-04,86.6,-27.8,NÃO
4318408,São Borja,2024-05,236.6,97.2,NÃO
4318408,São Borja,2024-06,286.0,138.3,NÃO
4318408,São Borja,2024-07,169.1,40.9,NÃO
4318408,São Borja,2024-08,96.3,-19.8,NÃO
4318408,São Borja,2024-09,109.0,-9.2,NÃO
4318408,São Borja,2024-10,76.8,-36.0,NÃO
4318408,São Borja,2024-11,173.6,44.7,NÃO
4318408,São Borja,2024-12,96.5,-19.6,NÃO
4318408,São Borja,2025-01,119.1,-0.8,NÃO
4318408,São Borja,2025-02,71.7,-40.2,NÃO
4318408,São Borja,2025-03,166.5,38.7,NÃO
4318408,São Borja,2025-04,76.3,-36.4,NÃO
4304200,Carazinho,2024-05,400.5,233.8,SIM
4304200,Carazinho,2024-06,252.8,110.7,NÃO
4304200,Carazinho,2024-07,149.2,24.3,NÃO
4304200,Carazinho,2024-08,173.5,44.6,NÃO
4304200,Carazinho,2024-09,110.3,-8.1,NÃO
4304200,Carazinho,2024-10,149.1,24.2,NÃO
4304200,Carazinho,2024-11,78.5,-34.6,NÃO
4304200,Carazinho,2024-12,109.8,-8.5,NÃO
4304200,Carazinho,2025-01,71.9,-40.1,NÃO
4304200,Carazinho,2025-02,118.7,-1.1,NÃO
4304200,Carazinho,2025-03,109.0,-9.2,NÃO
4304200,Carazinho,2025-04,174.2,45.2,NÃO
4308003,Dois Irmãos,2024-05,223.7,86.4,NÃO
4308003,Dois Irmãos,2024-06,188.0,56.7,NÃO
4308003,Dois Irmãos,2024-07,113.2,-5.7,NÃO
4308003,Dois Irmãos,2024-08,174.1,45.1,NÃO
4308003,Dois Irmãos,2024-09,162.7,35.6,NÃO
4308003,Dois Irmãos,2024-10,71.9,-40.1,NÃO
4308003,Dois Irmãos,2024-11,142.3,18.6,NÃO
4308003,Dois Irmãos,2024-12,125.3,4.4,NÃO
4308003,Dois Irmãos,2025-01,177.3,47.8,NÃO
4308003,Dois Irmãos,2025-02,103.0,-14.2,NÃO
4308003,Dois Irmãos,2025-03,107.8,-10.2,NÃO
4308003,Dois Irmãos,2025-04,82.8,-31.0,NÃO
4309308,Feliz,2024-05,261.3,117.8,NÃO
4309308,Feliz,2024-06,291.2,142.7,NÃO
4309308,Feliz,2024-07,114.6,-4.5,NÃO
4309308,Feliz,2024-08,139.5,16.3,NÃO
4309308,Feliz,2024-09,137.0,14.2,NÃO
4309308,Feliz,2024-10,131.7,9.7,NÃO
4309308,Feliz,2024-11,62.6,-47.8,NÃO
4309308,Feliz,2024-12,154.4,28.7,NÃO
4309308,Feliz,2025-01,89.2,-25.7,NÃO
4309308,Feliz,2025-02,75.1,-37.4,NÃO
4309308,Feliz,2025-03,127.7,6.4,NÃO
4309308,Feliz,2025-04,68.2,-43.2,NÃO
4309407,Flores da Cunha,2024-05,531.4,342.8,SIM
4309407,Flores da Cunha,2024-06,152.7,27.2,NÃO
4309407,Flores da Cunha,2024-07,85.9,-28.4,NÃO
4309407,Flores da Cunha,2024-08,164.4,37.0,NÃO
4309407,Flores da Cunha,2024-09,99.4,-17.2,NÃO
4309407,Flores da Cunha,2024-10,77.7,-35.2,NÃO
4309407,Flores da Cunha,2024-11,168.1,40.1,NÃO
4309407,Flores da Cunha,2024-12,60.3,-49.8,NÃO
4309407,Flores da Cunha,2025-01,163.0,35.8,NÃO
4309407,Flores da Cunha,2025-02,77.4,-35.5,NÃO
4309407,Flores da Cunha,2025-03,75.6,-37.0,NÃO
4309407,Flores da Cunha,2025-04,90.1,-24.9,NÃO
4314407,Nova Prata,2024-05,283.3,136.1,NÃO
4314407,Nova Prata,2024-06,250.8,109.0,NÃO
4314407,Nova Prata,2024-07,63.1,-47.4,NÃO
4314407,Nova Prata,2024-08,61.8,-48.5,NÃO
4314407,Nova Prata,2024-09,154.8,29.0,NÃO
4314407,Nova Prata,2024-10,88.6,-26.2,NÃO
4314407,Nova Prata,2024-11,98.9,-17.6,NÃO
4314407,Nova Prata,2024-12,80.9,-32.6,NÃO
4314407,Nova Prata,2025-01,66.3,-44.8,NÃO
4314407,Nova Prata,2025-02,149.0,24.2,NÃO
4314407,Nova Prata,2025-03,123.1,2.6,NÃO
4314407,Nova Prata,2025-04,149.5,24.6,NÃO
4320107,São Paulo das Missões,2024-05,410.0,241.7,SIM
4320107,São Paulo das Missões,2024-06,276.1,130.1,NÃO
4320107,São Paulo das Missões,2024-07,121.6,1.3,NÃO
4320107,São Paulo das Missões,2024-08,73.1,-39.1,NÃO
4320107,São Paulo das Missões,2024-09,120.5,0.4,NÃO
4320107,São Paulo das Missões,2024-10,173.4,44.5,NÃO
4320107,São Paulo das Missões,2024-11,65.2,-45.7,NÃO
4320107,São Paulo das Missões,2024-12,154.0,28.3,NÃO
4320107,São Paulo das Missões,2025-01,164.0,36.7,NÃO
4320107,São Paulo das Missões,2025-02,122.6,2.2,NÃO
4320107,São Paulo das Missões,2025-03,115.0,-4.2,NÃO
4320107,São Paulo das Missões,2025-04,175.7,46.4,NÃO
4305454,Campo Novo,2024-05,235.5,96.2,NÃO
4305454,Campo Novo,2024-06,211.5,76.2,NÃO
4305454,Campo Novo,2024-07,108.2,-9.8,NÃO
4305454,Campo Novo,2024-08,142.3,18.6,NÃO
4305454,Campo Novo,2024-09,118.8,-1.0,NÃO
4305454,Campo Novo,2024-10,169.2,41.0,NÃO
4305454,Campo Novo,2024-11,68.8,-42.7,NÃO
4305454,Campo Novo,2024-12,69.7,-41.9,NÃO
4305454,Campo Novo,2025-01,133.0,10.8,NÃO
4305454,Campo Novo,2025-02,67.9,-43.4,NÃO
4305454,Campo Novo,2025-03,93.0,-22.5,NÃO
4305454,Campo Novo,2025-04,136.0,13.3,NÃO
4311700,Ibirubá,2024-05,440.3,266.9,SIM
4311700,Ibirubá,2024-06,178.2,48.5,NÃO
4311700,Ibirubá,2024-07,179.4,49.5,NÃO
4311700,Ibirubá,2024-08,123.7,3.1,NÃO
4311700,Ibirubá,2024-09,114.4,-4.7,NÃO
4311700,Ibirubá,2024-10,132.7,10.6,NÃO
4311700,Ibirubá,2024-11,71.9,-40.1,NÃO
4311700,Ibirubá,2024-12,144.2,20.2,NÃO
4311700,Ibirubá,2025-01,162.3,35.2,NÃO
4311700,Ibirubá,2025-02,138.1,15.1,NÃO
4311700,Ibirubá,2025-03,152.3,26.9,NÃO
4311700,Ibirubá,2025-04,146.5,22.1,NÃO
4312054,Jóia,2024-05,300.3,150.2,SIM
4312054,Jóia,2024-06,205.5,71.2,NÃO
4312054,Jóia,2024-07,87.4,-27.2,NÃO
4312054,Jóia,2024-08,100.7,-16.1,NÃO
4312054,Jóia,2024-09,114.4,-4.7,NÃO
4312054,Jóia,2024-10,109.9,-8.4,NÃO
4312054,Jóia,2024-11,71.4,-40.5,NÃO
4312054,Jóia,2024-12,111.2,-7.3,NÃO
4312054,Jóia,2025-01,139.8,16.5,NÃO
4312054,Jóia,2025-02,104.9,-12.6,NÃO
4312054,Jóia,2025-03,78.3,-34.8,NÃO
4312054,Jóia,2025-04,170.8,42.3,NÃO
4312658,Liberato Salzano,2024-05,238.2,98.5,NÃO
4312658,Liberato Salzano,2024-06,287.7,139.8,NÃO
4312658,Liberato Salzano,2024-07,71.2,-40.7,NÃO
4312658,Liberato Salzano,2024-08,71.6,-40.3,NÃO
4312658,Liberato Salzano,2024-09,148.7,23.9,NÃO
4312658,Liberato Salzano,2024-10,157.4,31.2,NÃO
4312658,Liberato Salzano,2024-11,126.8,5.7,NÃO
4312658,Liberato Salzano,2024-12,130.4,8.7,NÃO
4312658,Liberato Salzano,2025-01,127.4,6.2,NÃO
4312658,Liberato Salzano,2025-02,99.6,-17.0,NÃO
4312658,Liberato Salzano,2025-03,74.7,-37.7,NÃO
4312658,Liberato Salzano,2025-04,102.4,-14.7,NÃO
4314332,Nova Palma,2024-05,489.4,307.8,SIM
4314332,Nova Palma,2024-06,270.1,125.1,NÃO
4314332,Nova Palma,2024-07,164.2,36.8,NÃO
4314332,Nova Palma,2024-08,146.5,22.1,NÃO
4314332,Nova Palma,2024-09,176.2,46.8,NÃO
4314332,Nova Palma,2024-10,132.0,10.0,NÃO
4314332,Nova Palma,2024-11,102.2,-14.8,NÃO
4314332,Nova Palma,2024-12,129.4,7.8,NÃO
4314332,Nova Palma,2025-01,85.5,-28.7,NÃO
4314332,Nova Palma,2025-02,138.8,15.7,NÃO
4314332,Nova Palma,2025-03,86.9,-27.6,NÃO
4314332,Nova Palma,2025-04,73.0,-39.2,NÃO
4315701,Roca Sales,2024-05,565.1,370.9,SIM
4315701,Roca Sales,2024-06,187.4,56.2,NÃO
4315701,Roca Sales,2024-07,151.5,26.2,NÃO
4315701,Roca Sales,2024-08,128.9,7.4,NÃO
4315701,Roca Sales,2024-09,156.9,30.8,NÃO
4315701,Roca Sales,2024-10,161.4,34.5,NÃO
4315701,Roca Sales,2024-11,176.9,47.4,NÃO
4315701,Roca Sales,2024-12,158.2,31.8,NÃO
4315701,Roca Sales,2025-01,133.6,11.3,NÃO
4315701,Roca Sales,2025-02,137.1,14.2,NÃO
4315701,Roca Sales,2025-03,63.2,-47.3,NÃO
4315701,Roca Sales,2025-04,171.5,42.9,NÃO
4316402,Santa Rosa,2024-05,558.4,365.3,SIM
4316402,Santa Rosa,2024-06,165.8,38.2,NÃO
4316402,Santa Rosa,2024-07,81.6,-32.0,NÃO
4316402,Santa Rosa,2024-08,144.3,20.3,NÃO
4316402,Santa Rosa,2024-09,97.1,-19.1,NÃO
4316402,Santa Rosa,2024-10,100.8,-16.0,NÃO
4316402,Santa Rosa,2024-11,60.7,-49.4,NÃO
4316402,Santa Rosa,2024-12,164.4,37.0,NÃO
4316402,Santa Rosa,2025-01,128.0,6.7,NÃO
4316402,Santa Rosa,2025-02,108.1,-9.9,NÃO
4316402,Santa Rosa,2025-03,77.0,-35.8,NÃO
4316402,Santa Rosa,2025-04,136.0,13.3,NÃO
4316956,Santiago,2024-05,222.9,85.8,NÃO
4316956,Santiago,2024-06,269.2,124.3,NÃO
4316956,Santiago,2024-07,85.8,-28.5,NÃO
4316956,Santiago,2024-08,110.4,-8.0,NÃO
4316956,Santiago,2024-09,100.9,-15.9,NÃO
4316956,Santiago,2024-10,104.4,-13.0,NÃO
4316956,Santiago,2024-11,146.6,22.2,NÃO
4316956,Santiago,2024-12,153.2,27.7,NÃO
4316956,Santiago,2025-01,128.1,6.7,NÃO
4316956,Santiago,2025-02,70.2,-41.5,NÃO
4316956,Santiago,2025-03,66.3,-44.8,NÃO
4316956,Santiago,2025-04,78.9,-34.2,NÃO
4317400,Santo Augusto,2024-05,469.5,291.2,SIM
4317400,Santo Augusto,2024-06,253.6,111.3,NÃO
4317400,Santo Augusto,2024-07,92.7,-22.7,NÃO
4317400,Santo Augusto,2024-08,139.4,16.2,NÃO
4317400,Santo Augusto,2024-09,118.3,-1.4,NÃO
4317400,Santo Augusto,2024-10,113.0,-5.8,NÃO
4317400,Santo Augusto,2024-11,92.8,-22.7,NÃO
4317400,Santo Augusto,2024-12,150.6,25.5,NÃO
4317400,Santo Augusto,2025-01,73.7,-38.6,NÃO
4317400,Santo Augusto,2025-02,111.6,-7.0,NÃO
4317400,Santo Augusto,2025-03,94.0,-21.7,NÃO
4317400,Santo Augusto,2025-04,141.4,17.8,NÃO
4318309,São Borja,2024-05,414.4,245.3,SIM
4318309,São Borja,2024-06,252.1,110.1,NÃO
4318309,São Borja,2024-07,65.5,-45.4,NÃO
4318309,São Borja,2024-08,107.4,-10.5,NÃO
4318309,São Borja,2024-09,131.9,9.9,NÃO
4318309,São Borja,2024-10,60.9,-49.3,NÃO
4318309,São Borja,2024-11,96.2,-19.8,NÃO
4318309,São Borja,2024-12,85.3,-28.9,NÃO
4318309,São Borja,2025-01,76.5,-36.3,NÃO
4318309,São Borja,2025-02,90.7,-24.4,NÃO
4318309,São Borja,2025-03,99.4,-17.2,NÃO
4318309,São Borja,2025-04,60.9,-49.3,NÃO
4319208,São João do Polêsine,2024-05,523.7,336.4,SIM
4319208,São João do Polêsine,2024-06,146.0,21.7,NÃO
4319208,São João do Polêsine,2024-07,105.6,-12.0,NÃO
4319208,São João do Polêsine,2024-08,144.4,20.3,NÃO
4319208,São João do Polêsine,2024-09,120.0,0.0,NÃO
4319208,São João do Polêsine,2024-10,160.0,33.3,NÃO
4319208,São João do Polêsine,2024-11,156.7,30.6,NÃO
4319208,São João do Polêsine,2024-12,68.6,-42.8,NÃO
4319208,São João do Polêsine,2025-01,163.4,36.2,NÃO
4319208,São João do Polêsine,2025-02,65.1,-45.8,NÃO
4319208,São João do Polêsine,2025-03,62.2,-48.2,NÃO
4319208,São João do Polêsine,2025-04,170.5,42.1,NÃO
4320305,São Martinho,2024-05,572.1,376.8,SIM
4320305,São Martinho,2024-06,232.4,93.7,NÃO
4320305,São Martinho,2024-07,128.8,7.3,NÃO
4320305,São Martinho,2024-08,145.1,20.9,NÃO
4320305,São Martinho,2024-09,110.1,-8.3,NÃO
4320305,São Martinho,2024-10,73.8,-38.5,NÃO
4320305,São Martinho,2024-11,62.5,-47.9,NÃO
4320305,São Martinho,2024-12,99.0,-17.5,NÃO
4320305,São Martinho,2025-01,156.2,30.2,NÃO
4320305,São Martinho,2025-02,134.2,11.8,NÃO
4320305,São Martinho,2025-03,159.8,33.2,NÃO
4320305,São Martinho,2025-04,170.4,42.0,NÃO
4320438,São Miguel das Missões,2024-05,247.0,105.8,NÃO
4320438,São Miguel das Missões,2024-06,290.4,142.0,NÃO
4320438,São Miguel das Missões,2024-07,89.2,-25.7,NÃO
4320438,São Miguel das Missões,2024-08,130.7,8.9,NÃO
4320438,São Miguel das Missões,2024-09,122.9,2.4,NÃO
4320438,São Miguel das Missões,2024-10,107.5,-10.4,NÃO
4320438,São Miguel das Missões,2024-11,97.2,-19.0,NÃO
4320438,São Miguel das Missões,2024-12,100.7,-16.1,NÃO
4320438,São Miguel das Missões,2025-01,100.0,-16.7,NÃO
4320438,São Miguel das Missões,2025-02,80.2,-33.2,NÃO
4320438,São Miguel das Missões,2025-03,121.3,1.1,NÃO
4320438,São Miguel das Missões,2025-04,73.7,-38.6,NÃO
4320602,São Sepé,2024-05,424.2,253.5,SIM
4320602,São Sepé,2024-06,303.7,153.1,SIM
4320602,São Sepé,2024-07,101.9,-15.1,NÃO
4320602,São Sepé,2024-08,147.3,22.8,NÃO
4320602,São Sepé,2024-09,158.3,31.9,NÃO
4320602,São Sepé,2024-10,157.8,31.5,NÃO
4320602,São Sepé,2024-11,88.4,-26.3,NÃO
4320602,São Sepé,2024-12,77.6,-35.3,NÃO
4320602,São Sepé,2025-01,83.7,-30.2,NÃO
4320602,São Sepé,2025-02,132.3,10.3,NÃO
4320602,São Sepé,2025-03,151.2,26.0,NÃO
4320602,São Sepé,2025-04,138.7,15.6,NÃO
4320909,São Valentim,2024-05,284.4,137.0,NÃO
4320909,São Valentim,2024-06,274.9,129.1,NÃO
4320909,São Valentim,2024-07,119.3,-0.6,NÃO
4320909,São Valentim,2024-08,150.5,25.4,NÃO
4320909,São Valentim,2024-09,151.2,26.0,NÃO
4320909,São Valentim,2024-10,113.9,-5.1,NÃO
4320909,São Valentim,2024-11,170.9,42.4,NÃO
4320909,São Valentim,2024-12,127.7,6.4,NÃO
4320909,São Valentim,2025-01,136.2,13.5,NÃO
4320909,São Valentim,2025-02,134.9,12.4,NÃO
4320909,São Valentim,2025-03,163.7,36.4,NÃO
4320909,São Valentim,2025-04,135.3,12.8,NÃO
4321501,Seberi,2024-05,273.4,127.8,NÃO
4321501,Seberi,2024-06,122.7,2.2,NÃO
4321501,Seberi,2024-07,113.1,-5.8,NÃO
4321501,Seberi,2024-08,96.3,-19.8,NÃO
4321501,Seberi,2024-09,93.0,-22.5,NÃO
4321501,Seberi,2024-10,66.7,-44.4,NÃO
4321501,Seberi,2024-11,120.9,0.8,NÃO
4321501,Seberi,2024-12,97.2,-19.0,NÃO
4321501,Seberi,2025-01,114.2,-4.8,NÃO
4321501,Seberi,2025-02,66.8,-44.3,NÃO
4321501,Seberi,2025-03,159.8,33.2,NÃO
4321501,Seberi,2025-04,69.2,-42.3,NÃO
4321808,Tapejara,2024-05,573.0,377.5,SIM
4321808,Tapejara,2024-06,292.7,143.9,NÃO
4321808,Tapejara,2024-07,133.8,11.5,NÃO
4321808,Tapejara,2024-08,120.8,0.7,NÃO
4321808,Tapejara,2024-09,115.5,-3.7,NÃO
4321808,Tapejara,2024-10,126.5,5.4,NÃO
4321808,Tapejara,2024-11,155.0,29.2,NÃO
4321808,Tapejara,2024-12,167.5,39.6,NÃO
4321808,Tapejara,2025-01,114.0,-5.0,NÃO
4321808,Tapejara,2025-02,157.2,31.0,NÃO
4321808,Tapejara,2025-03,138.2,15.2,NÃO
4321808,Tapejara,2025-04,98.6,-17.8,NÃO
4322251,Três de Maio,2024-05,409.8,241.5,SIM
4322251,Três de Maio,2024-06,140.6,17.2,NÃO
4322251,Três de Maio,2024-07,67.4,-43.8,NÃO
4322251,Três de Maio,2024-08,72.4,-39.7,NÃO
4322251,Três de Maio,2024-09,167.9,39.9,NÃO
4322251,Três de Maio,2024-10,101.2,-15.7,NÃO
4322251,Três de Maio,2024-11,145.7,21.4,NÃO
4322251,Três de Maio,2024-12,120.5,0.4,NÃO
4322251,Três de Maio,2025-01,80.7,-32.8,NÃO
4322251,Três de Maio,2025-02,89.7,-25.2,NÃO
4322251,Três de Maio,2025-03,112.5,-6.2,NÃO
4322251,Três de Maio,2025-04,112.7,-6.1,NÃO
4322707,Tucunduva,2024-05,429.6,258.0,SIM
4322707,Tucunduva,2024-06,142.3,18.6,NÃO
4322707,Tucunduva,2024-07,104.7,-12.7,NÃO
4322707,Tucunduva,2024-08,93.9,-21.7,NÃO
4322707,Tucunduva,2024-09,109.1,-9.1,NÃO
4322707,Tucunduva,2024-10,100.6,-16.2,NÃO
4322707,Tucunduva,2024-11,131.7,9.7,NÃO
4322707,Tucunduva,2024-12,154.7,28.9,NÃO
4322707,Tucunduva,2025-01,137.7,14.7,NÃO
4322707,Tucunduva,2025-02,67.9,-43.4,NÃO
4322707,Tucunduva,2025-03,71.3,-40.6,NÃO
4322707,Tucunduva,2025-04,141.4,17.8,NÃO
4323200,Vale do Sol,2024-05,329.3,174.4,SIM
4323200,Vale do Sol,2024-06,264.3,120.3,NÃO
4323200,Vale do Sol,2024-07,138.8,15.7,NÃO
4323200,Vale do Sol,2024-08,168.8,40.7,NÃO
4323200,Vale do Sol,2024-09,164.8,37.3,NÃO
4323200,Vale do Sol,2024-10,100.0,-16.7,NÃO
4323200,Vale do Sol,2024-11,129.9,8.3,NÃO
4323200,Vale do Sol,2024-12,77.0,-35.8,NÃO
4323200,Vale do Sol,2025-01,102.0,-15.0,NÃO
4323200,Vale do Sol,2025-02,176.1,46.8,NÃO
4323200,Vale do Sol,2025-03,143.8,19.8,NÃO
4323200,Vale do Sol,2025-04,107.0,-10.8,NÃO
4323606,Veranópolis,2024-05,459.9,283.2,SIM
4323606,Veranópolis,2024-06,310.6,158.8,SIM
4323606,Veranópolis,2024-07,97.1,-19.1,NÃO
4323606,Veranópolis,2024-08,105.2,-12.3,NÃO
4323606,Veranópolis,2024-09,155.0,29.2,NÃO
4323606,Veranópolis,2024-10,157.6,31.3,NÃO
4323606,Veranópolis,2024-11,140.4,17.0,NÃO
4323606,Veranópolis,2024-12,159.5,32.9,NÃO
4323606,Veranópolis,2025-01,148.7,23.9,NÃO
4323606,Veranópolis,2025-02,142.2,18.5,NÃO
4323606,Veranópolis,2025-03,123.2,2.7,NÃO
4323606,Veranópolis,2025-04,137.5,14.6,NÃO
4323903,Vicente Dutra,2024-05,387.8,223.2,SIM
4323903,Vicente Dutra,2024-06,186.2,55.2,NÃO
4323903,Vicente Dutra,2024-07,103.5,-13.7,NÃO
4323903,Vicente Dutra,2024-08,81.6,-32.0,NÃO
4323903,Vicente Dutra,2024-09,85.7,-28.6,NÃO
4323903,Vicente Dutra,2024-10,173.7,44.8,NÃO
4323903,Vicente Dutra,2024-11,118.4,-1.3,NÃO
4323903,Vicente Dutra,2024-12,87.2,-27.3,NÃO
4323903,Vicente Dutra,2025-01,76.5,-36.3,NÃO
4323903,Vicente Dutra,2025-02,69.3,-42.2,NÃO
4323903,Vicente Dutra,2025-03,161.3,34.4,NÃO
4323903,Vicente Dutra,2025-04,72.1,-39.9,NÃO
4300802,Arroio Grande,2024-05,533.8,344.8,SIM
4300802,Arroio Grande,2024-06,288.4,140.3,NÃO
4300802,Arroio Grande,2024-07,166.0,38.3,NÃO
4300802,Arroio Grande,2024-08,64.5,-46.2,NÃO
4300802,Arroio Grande,2024-09,100.4,-16.3,NÃO
4300802,Arroio Grande,2024-10,152.0,26.7,NÃO
4300802,Arroio Grande,2024-11,75.7,-36.9,NÃO
4300802,Arroio Grande,2024-12,105.2,-12.3,NÃO
4300802,Arroio Grande,2025-01,79.5,-33.8,NÃO
4300802,Arroio Grande,2025-02,159.8,33.2,NÃO
4300802,Arroio Grande,2025-03,152.5,27.1,NÃO
4300802,Arroio Grande,2025-04,157.1,30.9,NÃO
4301305,Bagé,2024-05,279.5,132.9,NÃO
4301305,Bagé,2024-06,202.5,68.8,NÃO
4301305,Bagé,2024-07,109.3,-8.9,NÃO
4301305,Bagé,2024-08,141.2,17.7,NÃO
4301305,Bagé,2024-09,88.5,-26.2,NÃO
4301305,Bagé,2024-10,113.3,-5.6,NÃO
4301305,Bagé,2024-11,94.2,-21.5,NÃO
4301305,Bagé,2024-12,149.8,24.8,NÃO
4301305,Bagé,2025-01,113.9,-5.1,NÃO
4301305,Bagé,2025-02,124.1,3.4,NÃO
4301305,Bagé,2025-03,97.1,-19.1,NÃO
4301305,Bagé,2025-04,157.0,30.8,NÃO
4301537,Barão do Triunfo,2024-05,407.0,239.2,SIM
4301537,Barão do Triunfo,2024-06,288.4,140.3,NÃO
4301537,Barão do Triunfo,2024-07,104.1,-13.3,NÃO
4301537,Barão do Triunfo,2024-08,173.7,44.8,NÃO
4301537,Barão do Triunfo,2024-09,178.1,48.4,NÃO
4301537,Barão do Triunfo,2024-10,115.4,-3.8,NÃO
4301537,Barão do Triunfo,2024-11,93.8,-21.8,NÃO
4301537,Barão do Triunfo,2024-12,105.8,-11.8,NÃO
4301537,Barão do Triunfo,2025-01,123.3,2.8,NÃO
4301537,Barão do Triunfo,2025-02,176.0,46.7,NÃO
4301537,Barão do Triunfo,2025-03,158.0,31.7,NÃO
4301537,Barão do Triunfo,2025-04,156.2,30.2,NÃO
4302105,Bom Jesus,2024-05,268.1,123.4,NÃO
4302105,Bom Jesus,2024-06,162.0,35.0,NÃO
4302105,Bom Jesus,2024-07,136.9,14.1,NÃO
4302105,Bom Jesus,2024-08,164.9,37.4,NÃO
4302105,Bom Jesus,2024-09,126.5,5.4,NÃO
4302105,Bom Jesus,2024-10,72.3,-39.8,NÃO
4302105,Bom Jesus,2024-11,161.5,34.6,NÃO
4302105,Bom Jesus,2024-12,162.1,35.1,NÃO
4302105,Bom Jesus,2025-01,94.2,-21.5,NÃO
4302105,Bom Jesus,2025-02,151.6,26.3,NÃO
4302105,Bom Jesus,2025-03,92.7,-22.7,NÃO
4302105,Bom Jesus,2025-04,168.6,40.5,NÃO
4303103,Caçapava do Sul,2024-05,271.9,126.6,NÃO
4303103,Caçapava do Sul,2024-06,202.5,68.8,NÃO
4303103,Caçapava do Sul,2024-07,173.6,44.7,NÃO
4303103,Caçapava do Sul,2024-08,86.6,-27.8,NÃO
4303103,Caçapava do Sul,2024-09,114.1,-4.9,NÃO
4303103,Caçapava do Sul,2024-10,102.0,-15.0,NÃO
4303103,Caçapava do Sul,2024-11,63.2,-47.3,NÃO
4303103,Caçapava do Sul,2024-12,66.4,-44.7,NÃO
4303103,Caçapava do Sul,2025-01,120.2,0.2,NÃO
4303103,Caçapava do Sul,2025-02,88.3,-26.4,NÃO
4303103,Caçapava do Sul,2025-03,179.3,49.4,NÃO
4303103,Caçapava do Sul,2025-04,105.0,-12.5,NÃO
4305207,Camargo,2024-05,221.8,84.8,NÃO
4305207,Camargo,2024-06,309.1,157.6,SIM
4305207,Camargo,2024-07,160.7,33.9,NÃO
4305207,Camargo,2024-08,138.0,15.0,NÃO
4305207,Camargo,2024-09,155.0,29.2,NÃO
4305207,Camargo,2024-10,76.5,-36.3,NÃO
4305207,Camargo,2024-11,94.4,-21.3,NÃO
4305207,Camargo,2024-12,159.6,33.0,NÃO
4305207,Camargo,2025-01,143.5,19.6,NÃO
4305207,Camargo,2025-02,76.7,-36.1,NÃO
4305207,Camargo,2025-03,144.7,20.6,NÃO
4305207,Camargo,2025-04,113.8,-5.2,NÃO
4305769,Canguçu,2024-05,212.2,76.8,NÃO
4305769,Canguçu,2024-06,125.1,4.2,NÃO
4305769,Canguçu,2024-07,90.7,-24.4,NÃO
4305769,Canguçu,2024-08,160.2,33.5,NÃO
4305769,Canguçu,2024-09,125.9,4.9,NÃO
4305769,Canguçu,2024-10,147.3,22.8,NÃO
4305769,Canguçu,2024-11,123.3,2.8,NÃO
4305769,Canguçu,2024-12,73.3,-38.9,NÃO
4305769,Canguçu,2025-01,94.6,-21.2,NÃO
4305769,Canguçu,2025-02,96.1,-19.9,NÃO
4305769,Canguçu,2025-03,65.7,-45.2,NÃO
4305769,Canguçu,2025-04,110.4,-8.0,NÃO
4306007,Capão do Leão,2024-05,543.4,352.8,SIM
4306007,Capão do Leão,2024-06,206.7,72.2,NÃO
4306007,Capão do Leão,2024-07,73.3,-38.9,NÃO
4306007,Capão do Leão,2024-08,168.6,40.5,NÃO
4306007,Capão do Leão,2024-09,131.6,9.7,NÃO
4306007,Capão do Leão,2024-10,62.0,-48.3,NÃO
4306007,Capão do Leão,2024-11,121.8,1.5,NÃO
4306007,Capão do Leão,2024-12,89.0,-25.8,NÃO
4306007,Capão do Leão,2025-01,77.2,-35.7,NÃO
4306007,Capão do Leão,2025-02,111.5,-7.1,NÃO
4306007,Capão do Leão,2025-03,133.8,11.5,NÃO
4306007,Capão do Leão,2025-04,88.9,-25.9,NÃO
4306106,Capivari do Sul,2024-05,385.0,220.8,SIM
4306106,Capivari do Sul,2024-06,251.5,109.6,NÃO
4306106,Capivari do Sul,2024-07,70.3,-41.4,NÃO
4306106,Capivari do Sul,2024-08,177.0,47.5,NÃO
4306106,Capivari do Sul,2024-09,68.1,-43.2,NÃO
4306106,Capivari do Sul,2024-10,123.1,2.6,NÃO
4306106,Capivari do Sul,2024-11,120.9,0.8,NÃO
4306106,Capivari do Sul,2024-12,178.6,48.8,NÃO
4306106,Capivari do Sul,2025-01,126.5,5.4,NÃO
4306106,Capivari do Sul,2025-02,106.9,-10.9,NÃO
4306106,Capivari do Sul,2025-03,116.4,-3.0,NÃO
4306106,Capivari do Sul,2025-04,136.3,13.6,NÃO
4309902,Garibaldi,2024-05,622.0,418.3,SIM
4309902,Garibaldi,2024-06,162.8,35.7,NÃO
4309902,Garibaldi,2024-07,61.9,-48.4,NÃO
4309902,Garibaldi,2024-08,154.6,28.8,NÃO
4309902,Garibaldi,2024-09,101.4,-15.5,NÃO
4309902,Garibaldi,2024-10,148.0,23.3,NÃO
4309902,Garibaldi,2024-11,135.4,12.8,NÃO
4309902,Garibaldi,2024-12,152.6,27.2,NÃO
4309902,Garibaldi,2025-01,148.2,23.5,NÃO
4309902,Garibaldi,2025-02,99.9,-16.8,NÃO
4309902,Garibaldi,2025-03,65.3,-45.6,NÃO
4309902,Garibaldi,2025-04,125.5,4.6,NÃO
4310207,Gravataí,2024-05,551.7,359.8,SIM
4310207,Gravataí,2024-06,145.8,21.5,NÃO
4310207,Gravataí,2024-07,153.5,27.9,NÃO
4310207,Gravataí,2024-08,115.8,-3.5,NÃO
4310207,Gravataí,2024-09,143.4,19.5,NÃO
4310207,Gravataí,2024-10,135.8,13.2,NÃO
4310207,Gravataí,2024-11,157.4,31.2,NÃO
4310207,Gravataí,2024-12,67.6,-43.7,NÃO
4310207,Gravataí,2025-01,153.1,27.6,NÃO
4310207,Gravataí,2025-02,114.9,-4.2,NÃO
4310207,Gravataí,2025-03,95.2,-20.7,NÃO
4310207,Gravataí,2025-04,65.3,-45.6,NÃO
4311403,Ijuí,2024-05,293.8,144.8,NÃO
4311403,Ijuí,2024-06,117.1,-2.4,NÃO
4311403,Ijuí,2024-07,172.0,43.3,NÃO
4311403,Ijuí,2024-08,121.8,1.5,NÃO
4311403,Ijuí,2024-09,178.7,48.9,NÃO
4311403,Ijuí,2024-10,125.2,4.3,NÃO
4311403,Ijuí,2024-11,90.4,-24.7,NÃO
4311403,Ijuí,2024-12,150.4,25.3,NÃO
4311403,Ijuí,2025-01,82.9,-30.9,NÃO
4311403,Ijuí,2025-02,102.8,-14.3,NÃO
4311403,Ijuí,2025-03,153.7,28.1,NÃO
4311403,Ijuí,2025-04,163.9,36.6,NÃO
4311502,Independência,2024-05,349.4,191.2,SIM
4311502,Independência,2024-06,134.9,12.4,NÃO
4311502,Independência,2024-07,104.2,-13.2,NÃO
4311502,Independência,2024-08,166.7,38.9,NÃO
4311502,Independência,2024-09,149.2,24.3,NÃO
4311502,Independência,2024-10,167.4,39.5,NÃO
4311502,Independência,2024-11,106.4,-11.3,NÃO
4311502,Independência,2024-12,176.8,47.3,NÃO
4311502,Independência,2025-01,119.5,-0.4,NÃO
4311502,Independência,2025-02,119.7,-0.2,NÃO
4311502,Independência,2025-03,170.9,42.4,NÃO
4311502,Independência,2025-04,122.3,1.9,NÃO
4312203,Lagoa Vermelha,2024-05,546.5,355.4,SIM
4312203,Lagoa Vermelha,2024-06,265.0,120.8,NÃO
4312203,Lagoa Vermelha,2024-07,69.5,-42.1,NÃO
4312203,Lagoa Vermelha,2024-08,132.3,10.3,NÃO
4312203,Lagoa Vermelha,2024-09,158.7,32.2,NÃO
4312203,Lagoa Vermelha,2024-10,125.5,4.6,NÃO
4312203,Lagoa Vermelha,2024-11,98.5,-17.9,NÃO
4312203,Lagoa Vermelha,2024-12,69.6,-42.0,NÃO
4312203,Lagoa Vermelha,2025-01,139.3,16.1,NÃO
4312203,Lagoa Vermelha,2025-02,96.8,-19.3,NÃO
4312203,Lagoa Vermelha,2025-03,132.3,10.3,NÃO
4312203,Lagoa Vermelha,2025-04,111.1,-7.4,NÃO
